,Model,Train Accuracy,Train F1,Validation Accuracy,Validation F1,Test Accuracy,Test F1
0,Logistic Regression,0.822047619047619,0.4772695481885578,0.8153333333333334,0.43121149897330596,0.826,0.47904191616766467
1,Decision Tree,0.996,0.9909696839389379,0.7213333333333334,0.3840864440078585,0.7291111111111112,0.4044943820224719
2,SVM,0.8232380952380952,0.45571847507331376,0.8162222222222222,0.4063173007896626,0.8237777777777778,0.44892286309937457
3,Custom Logistic Regression,0.7816666666666666,0.5395199357236116,0.7653333333333333,0.4966634890371783,0.788,0.5583333333333333
4,PyTorch Logistic Regression (cpu),0.8205714285714286,0.47330164942689407,0.8162222222222222,0.4393220338983051,0.8253333333333334,0.47808764940239046
