,Model,MSE Train,MSE Val,MSE Test
0,Custom Linear Regression,9986100879.610645,10344250560.963858,10206427278.95513
1,SKLearn Linear Regression,9986100879.610645,10344250560.964071,10206427278.955173
